hjd,phase,rzmag,e_rzmag,relative_flux,relative_flux_error,baseline_flux,normalized_flux,normalized_flux_error,model_flux,model_normalized_flux,residual_flux
2455153.9086199999,-0.0164538571,0.0034200000,0.0015000000,0.9968550194,0.0013772061,1.0013659894,0.9954951836,0.0013753274,0.9983628524,0.9970009596,-0.0015057761
2455153.9091639002,-0.0162565487,0.0007400000,0.0014800000,0.9993186670,0.0013622016,1.0013433680,0.9979780153,0.0013603741,0.9980754497,0.9967364659,0.0012415494
2455153.9108072999,-0.0156603796,0.0042900000,0.0015000000,0.9960565598,0.0013761030,1.0012750173,0.9947881877,0.0013743507,0.9971892030,0.9959193886,-0.0011312009
2455153.9113512998,-0.0154630351,0.0013400000,0.0014800000,0.9987665757,0.0013614491,1.0012523917,0.9975172933,0.0013597461,0.9968920279,0.9956450902,0.0018722031
2455153.9118952001,-0.0152657267,0.0045500000,0.0014800000,0.9958180639,0.0013574299,1.0012297704,0.9945949405,0.0013557626,0.9965940023,0.9953699258,-0.0007749853
2455153.9124391000,-0.0150684185,0.0035200000,0.0014800000,0.9967632099,0.0013587182,1.0012071490,0.9955614190,0.0013570800,0.9962956340,0.9950944068,0.0004670121
2455153.9129830999,-0.0148710740,0.0027700000,0.0014800000,0.9974519874,0.0013596571,1.0011845235,0.9962718800,0.0013580485,0.9959974133,0.9948190268,0.0014528532
2455153.9135270002,-0.0146737656,0.0023700000,0.0014800000,0.9978195300,0.0013601581,1.0011619021,0.9966615069,0.0013585796,0.9956999799,0.9945444167,0.0021170903
2455153.9140825002,-0.0144722492,0.0037700000,0.0014800000,0.9965337231,0.0013584054,1.0011387983,0.9954001632,0.0013568602,0.9953974962,0.9942652286,0.0011349345
2455153.9146380001,-0.0142707329,0.0025100000,0.0014800000,0.9976908747,0.0013599827,1.0011156944,0.9965789971,0.0013584671,0.9950968520,0.9939878653,0.0025911317
2455153.9151820000,-0.0140733884,0.0041300000,0.0014800000,0.9962033550,0.0013579551,1.0010930689,0.9951156250,0.0013564723,0.9948047197,0.9937185169,0.0013971081
2455153.9157258999,-0.0138760802,0.0044500000,0.0014800000,0.9959097863,0.0013575549,1.0010704476,0.9948448571,0.0013561032,0.9945153902,0.9934519520,0.0013929051
2455153.9162698002,-0.0136787718,0.0069500000,0.0014800000,0.9936192574,0.0013544326,1.0010478262,0.9925792069,0.0013530149,0.9942292827,0.9931885937,-0.0006093868
2455153.9168138001,-0.0134814272,0.0059100000,0.0014800000,0.9945714768,0.0013557306,1.0010252006,0.9935528858,0.0013543421,0.9939468117,0.9929288604,0.0006240253
2455153.9173576999,-0.0132841190,0.0088800000,0.0014800000,0.9918545730,0.0013520271,1.0010025793,0.9908611561,0.0013506729,0.9936685404,0.9926733067,-0.0018121505
2455153.9179015998,-0.0130868108,0.0088700000,0.0014800000,0.9918637084,0.0013520395,1.0009799579,0.9908926752,0.0013507159,0.9933948705,0.9924223384,-0.0015296632
2455153.9184571002,-0.0128852943,0.0066600000,0.0014800000,0.9938846884,0.0013547944,1.0009568541,0.9929345949,0.0013534993,0.9931205822,0.9921712192,0.0007633757
2455153.9190011001,-0.0126879498,0.0064300000,0.0014800000,0.9940952531,0.0013550814,1.0009342285,0.9931674077,0.0013538167,0.9928575409,0.9919308508,0.0012365570
2455153.9195566000,-0.0124864334,0.0062900000,0.0014800000,0.9942234447,0.0013552562,1.0009111247,0.9933184078,0.0013540225,0.9925950962,0.9916915416,0.0016268662
2455153.9201004999,-0.0122891252,0.0089500000,0.0014800000,0.9917906278,0.0013519399,1.0008885034,0.9909102008,0.0013507398,0.9923446220,0.9914637031,-0.0005535023
2455153.9206444998,-0.0120917807,0.0090100000,0.0014800000,0.9917358210,0.0013518652,1.0008658778,0.9908778418,0.0013506957,0.9921009889,0.9912426939,-0.0003648521
2455153.9211884001,-0.0118944723,0.0089600000,0.0014800000,0.9917814931,0.0013519275,1.0008432564,0.9909458716,0.0013507884,0.9918647592,0.9910290675,-0.0000831959
2455153.9217323000,-0.0116971641,0.0088000000,0.0014800000,0.9919276582,0.0013521267,1.0008206351,0.9911143151,0.0013510180,0.9916363778,0.9908232735,0.0002910416
2455153.9222877999,-0.0114956477,0.0097300000,0.0014800000,0.9910783748,0.0013509690,1.0007975313,0.9902885887,0.0013498925,0.9914117635,0.9906217117,-0.0003331230
2455153.9228317998,-0.0112983032,0.0075300000,0.0014800000,0.9930886080,0.0013537092,1.0007749057,0.9923196538,0.0013526611,0.9912008235,0.9904333311,0.0018863227
2455153.9233873002,-0.0110967867,0.0079600000,0.0014800000,0.9926953784,0.0013531732,1.0007518019,0.9919496288,0.0013521567,0.9909952785,0.9902508061,0.0016988228
2455153.9239312001,-0.0108994785,0.0097100000,0.0014800000,0.9910966313,0.0013509939,1.0007291805,0.9903744696,0.0013500095,0.9908043792,0.9900824304,0.0002920392
2455153.9244752000,-0.0107021339,0.0081900000,0.0014800000,0.9924851103,0.0013528866,1.0007065550,0.9917843601,0.0013519314,0.9906245178,0.9899250813,0.0018592788
2455153.9250190998,-0.0105048257,0.0097100000,0.0014800000,0.9910966313,0.0013509939,1.0006839336,0.9904192503,0.0013500706,0.9904567860,0.9897798422,0.0006394081
2455153.9255630001,-0.0103075173,0.0100300000,0.0014800000,0.9908045676,0.0013505958,1.0006613122,0.9901497694,0.0013497032,0.9903025360,0.9896480696,0.0005016998
2455153.9261185001,-0.0101060010,0.0083400000,0.0014800000,0.9923480029,0.0013526997,1.0006382084,0.9917150819,0.0013518370,0.9901611407,0.9895296146,0.0021854674
2455153.9266625000,-0.0099086565,0.0091800000,0.0014800000,0.9915805513,0.0013516536,1.0006155829,0.9909705268,0.0013508220,0.9900431216,0.9894340429,0.0015364839
2455153.9272063999,-0.0097113482,0.0112400000,0.0014800000,0.9897009793,0.0013490915,1.0005929615,0.9891144725,0.0013482920,0.9899556583,0.9893690005,-0.0002545281
2455153.9277503998,-0.0095140037,0.0095500000,0.0014800000,0.9912426955,0.0013511930,1.0005703360,0.9906776763,0.0013504228,0.9898819437,0.9893177002,0.0013599762
2455153.9282943001,-0.0093166953,0.0123000000,0.0014800000,0.9887352096,0.0013477750,1.0005477146,0.9881939614,0.0013470372,0.9898114733,0.9892696359,-0.0010756745
2455153.9288498000,-0.0091151790,0.0121700000,0.0014800000,0.9888536024,0.0013479364,1.0005246108,0.9883351111,0.0013472296,0.9897422912,0.9892233340,-0.0008882229
2455153.9293936999,-0.0089178708,0.0082700000,0.0014800000,0.9924119840,0.0013527869,1.0005019894,0.9919140536,0.0013521082,0.9896769552,0.9891803971,0.0027336565
2455153.9299491998,-0.0087163544,0.0125700000,0.0014800000,0.9884893623,0.0013474399,1.0004788856,0.9880162156,0.0013467949,0.9896124308,0.9891387464,-0.0011225309
2455153.9304932002,-0.0085190097,0.0130500000,0.0014800000,0.9880524514,0.0013468443,1.0004562601,0.9876018481,0.0013462301,0.9895512141,0.9890999273,-0.0014980792
2455153.9310371000,-0.0083217015,0.0116700000,0.0014800000,0.9893090912,0.0013485573,1.0004336387,0.9888802744,0.0013479727,0.9894918091,0.9890629132,-0.0001826388
2455153.9315811000,-0.0081243570,0.0139600000,0.0014800000,0.9872246711,0.0013457159,1.0004110132,0.9868190755,0.0013451631,0.9894340691,0.9890275657,-0.0022084902
2455153.9321249998,-0.0079270488,0.0103500000,0.0014800000,0.9905125899,0.0013501978,1.0003883918,0.9901280323,0.0013496736,0.9893779088,0.9889937917,0.0011342406
2455153.9326689001,-0.0077297404,0.0098500000,0.0014800000,0.9909688428,0.0013508197,1.0003657704,0.9906065083,0.0013503258,0.9893232254,0.9889614926,0.0016450157
2455153.9332129001,-0.0075323958,0.0117000000,0.0014800000,0.9892817559,0.0013485200,1.0003431449,0.9889424054,0.0013480574,0.9892699286,0.9889305822,0.0000118232
2455153.9337684000,-0.0073308795,0.0136500000,0.0014800000,0.9875065843,0.0013461002,1.0003200411,0.9871906427,0.0013456696,0.9892168724,0.9889003836,-0.0017097409
2455153.9343122998,-0.0071335713,0.0142700000,0.0014800000,0.9869428384,0.0013453318,1.0002974197,0.9866493894,0.0013449318,0.9891661977,0.9888720877,-0.0022226982
2455153.9348678002,-0.0069320548,0.0110400000,0.0014800000,0.9898833058,0.0013493400,1.0002743159,0.9896118395,0.0013489700,0.9891156834,0.9888444277,0.0007674118
2455153.9354118002,-0.0067347102,0.0155700000,0.0014800000,0.9857618352,0.0013437219,1.0002516903,0.9855137909,0.0013433838,0.9890673780,0.9888185019,-0.0033047110
2455153.9359557000,-0.0065374020,0.0134800000,0.0014800000,0.9876612160,0.0013463110,1.0002290690,0.9874350253,0.0013460027,0.9890201851,0.9887936831,-0.0013586578
2455153.9364995998,-0.0063400938,0.0128100000,0.0014800000,0.9882708827,0.0013471421,1.0002064476,0.9880668987,0.0013468640,0.9889740531,0.9887699239,-0.0007030252
2455153.9370435998,-0.0061427493,0.0135000000,0.0014800000,0.9876430228,0.0013462862,1.0001838221,0.9874615055,0.0013460388,0.9889289349,0.9887471813,-0.0012856758
2455153.9375991002,-0.0059412328,0.0118900000,0.0014800000,0.9891086502,0.0013482840,1.0001607182,0.9889497080,0.0013480674,0.9888838809,0.9887249747,0.0002247332
2455153.9381430000,-0.0057439245,0.0129900000,0.0014800000,0.9881070547,0.0013469187,1.0001380969,0.9879706190,0.0013467328,0.9888407310,0.9887041940,-0.0007335750
2455153.9386870000,-0.0055465800,0.0121800000,0.0014800000,0.9888444947,0.0013479240,1.0001154714,0.9887303247,0.0013477683,0.9887984960,0.9886843313,0.0000459934
2455153.9392424999,-0.0053450637,0.0124600000,0.0014800000,0.9885895150,0.0013475764,1.0000923675,0.9884982098,0.0013474519,0.9887562916,0.9886649711,-0.0001667613
2455153.9397864002,-0.0051477553,0.0131500000,0.0014800000,0.9879614526,0.0013467203,1.0000697461,0.9878925509,0.0013466263,0.9887158465,0.9886468921,-0.0007543412
2455153.9403303000,-0.0049504471,0.0157900000,0.0014800000,0.9855621130,0.0013434497,1.0000471248,0.9855156708,0.0013433863,0.9886762459,0.9886296569,-0.0031139861
2455153.9408743000,-0.0047531025,0.0112800000,0.0014800000,0.9896645181,0.0013490418,1.0000244993,0.9896402726,0.0013490087,0.9886374608,0.9886132405,0.0010270321
2455153.9414297999,-0.0045515862,0.0135000000,0.0014800000,0.9876430228,0.0013462862,1.0000013954,0.9876416446,0.0013462843,0.9885986835,0.9885973040,-0.0009556594
2455153.9419737002,-0.0043542778,0.0112400000,0.0014800000,0.9897009793,0.0013490915,0.9999787740,0.9897219871,0.0013491201,0.9885615070,0.9885824906,0.0011394965
2455153.9425177001,-0.0041569333,0.0136600000,0.0014800000,0.9874974890,0.0013460878,0.9999561485,0.9875407942,0.0013461469,0.9885250889,0.9885684391,-0.0010276449
2455153.9430616000,-0.0039596251,0.0124900000,0.0014800000,0.9885621996,0.0013475392,0.9999335272,0.9886279165,0.0013476287,0.9884894261,0.9885551382,0.0000727783
2455153.9436054998,-0.0037623168,0.0131800000,0.0014800000,0.9879341546,0.0013466831,0.9999109058,0.9880221816,0.0013468030,0.9884544968,0.9885425702,-0.0005203885
2455153.9441495002,-0.0035649721,0.0128400000,0.0014800000,0.9882435762,0.0013471048,0.9998882802,0.9883539948,0.0013472554,0.9884202804,0.9885307188,-0.0001767240
2455153.9446934001,-0.0033676639,0.0107700000,0.0014800000,0.9901294997,0.0013496756,0.9998656589,0.9902625327,0.0013498569,0.9883867768,0.9885195756,0.0017429571
2455153.9452605001,-0.0031619395,0.0120100000,0.0014800000,0.9889993360,0.0013481350,0.9998420726,0.9891555507,0.0013483480,0.9883525831,0.9885086958,0.0006468550
2455153.9458043999,-0.0029646313,0.0139700000,0.0014800000,0.9872155785,0.0013457035,0.9998194512,0.9873938512,0.0013459466,0.9883204857,0.9884989580,-0.0011051068
2455153.9463483999,-0.0027672867,0.0135900000,0.0014800000,0.9875611574,0.0013461746,0.9997968257,0.9877618452,0.0013464482,0.9882890549,0.9884898906,-0.0007280454
2455153.9468923002,-0.0025699783,0.0143900000,0.0014800000,0.9868337635,0.0013451831,0.9997742043,0.9870566366,0.0013454869,0.9882582929,0.9884814877,-0.0014248512
2455153.9474362000,-0.0023726701,0.0139000000,0.0014800000,0.9872792287,0.0013457903,0.9997515830,0.9875245466,0.0013461247,0.9882281853,0.9884737390,-0.0009491924
2455153.9479801999,-0.0021753256,0.0155800000,0.0014800000,0.9857527561,0.0013437095,0.9997289574,0.9860200095,0.0013440738,0.9881987188,0.9884666354,-0.0024466259
2455153.9485240998,-0.0019780174,0.0101500000,0.0014800000,0.9906950659,0.0013504465,0.9997063361,0.9909860827,0.0013508432,0.9881698972,0.9884601723,0.0025259104
2455153.9490796002,-0.0017765009,0.0133100000,0.0014800000,0.9878158719,0.0013465218,0.9996832322,0.9881288793,0.0013469485,0.9881411142,0.9884542246,-0.0003253453
2455153.9496351001,-0.0015749845,0.0116500000,0.0014800000,0.9893273151,0.0013485821,0.9996601284,0.9896636736,0.0013490406,0.9881129852,0.9884489310,0.0012147427
2455153.9501791000,-0.0013776400,0.0125900000,0.0014800000,0.9884711539,0.0013474151,0.9996375029,0.9888296017,0.0013479037,0.9880860673,0.9884443756,0.0003852262
2455153.9507229999,-0.0011803318,0.0127900000,0.0014800000,0.9882890875,0.0013471669,0.9996148815,0.9886698425,0.0013476859,0.9880597719,0.9884404386,0.0002294040
2455153.9512669002,-0.0009830234,0.0142900000,0.0014800000,0.9869246584,0.0013453070,0.9995922601,0.9873272311,0.0013458557,0.9880340900,0.9884371152,-0.0011098841
2455153.9518109001,-0.0007856788,0.0133600000,0.0015000000,0.9877703824,0.0013646552,0.9995696346,0.9881956676,0.0013652428,0.9880090139,0.9884344019,-0.0002387343
2455153.9523548000,-0.0005883706,0.0183600000,0.0014800000,0.9832319897,0.0013402734,0.9995470132,0.9836775826,0.0013408808,0.9879845503,0.9884322971,-0.0047547144
2455153.9529102999,-0.0003868543,0.0138600000,0.0015000000,0.9873156020,0.0013640269,0.9995239094,0.9877858776,0.0013646766,0.9879601902,0.9884307727,-0.0006448951
2455153.9534542002,-0.0001895459,0.0111900000,0.0015000000,0.9897465578,0.0013673854,0.9995012880,0.9902404025,0.0013680677,0.9879369493,0.9884298912,0.0018105114
2455153.9539982001,0.0000077986,0.0166200000,0.0014800000,0.9848089799,0.0013424230,0.9994786625,0.9853226655,0.0013431233,0.9879143078,0.9884296132,-0.0031069477
2455153.9545537001,0.0002093150,0.0134600000,0.0015000000,0.9876794096,0.0013645295,0.9994555587,0.9882174360,0.0013652728,0.9878918102,0.9884299523,-0.0002125163
2455153.9550975999,0.0004066232,0.0146800000,0.0014800000,0.9865702155,0.0013448238,0.9994329373,0.9871299801,0.0013455869,0.9878703921,0.9884308944,-0.0013009143
2455153.9556415998,0.0006039677,0.0115900000,0.0014800000,0.9893819888,0.0013486566,0.9994103118,0.9899657600,0.0013494524,0.9878495744,0.9884324414,0.0015333186
2455153.9561855001,0.0008012761,0.0140100000,0.0014800000,0.9871792088,0.0013456540,0.9993876904,0.9877840384,0.0013464784,0.9878293662,0.9884345942,-0.0006505558
2455153.9567410001,0.0010027924,0.0152200000,0.0014800000,0.9860796585,0.0013441551,0.9993645866,0.9867066252,0.0013450098,0.9878093542,0.9884374206,-0.0017307954
2455153.9572850000,0.0012001370,0.0162500000,0.0014800000,0.9851446428,0.0013428806,0.9993419611,0.9857933332,0.0013437648,0.9877903734,0.9884408060,-0.0026474728
2455153.9578288998,0.0013974452,0.0132200000,0.0014800000,0.9878977584,0.0013466334,0.9993193397,0.9885706392,0.0013475507,0.9877720097,0.9884448048,0.0001258344
2455153.9583728001,0.0015947536,0.0099700000,0.0014800000,0.9908593230,0.0013506704,0.9992967183,0.9915566666,0.0013516210,0.9877542631,0.9884494215,0.0031072451
2455153.9589168001,0.0017920981,0.0126200000,0.0014800000,0.9884438418,0.0013473778,0.9992740928,0.9891618815,0.0013483566,0.9877371352,0.9884546615,0.0007072200
2455153.9594606999,0.0019894063,0.0098300000,0.0014800000,0.9909870973,0.0013508446,0.9992514714,0.9917294352,0.0013518565,0.9877206371,0.9884605281,0.0032689071
2455153.9600046002,0.0021867147,0.0146200000,0.0014800000,0.9866247369,0.0013448981,0.9992288500,0.9873861597,0.0013459361,0.9877047716,0.9884670279,-0.0010808682
2455153.9605716998,0.0023924390,0.0148100000,0.0014800000,0.9864520962,0.0013446628,0.9992052638,0.9872366889,0.0013457323,0.9876889096,0.9884744861,-0.0012377972
2455153.9611157002,0.0025897837,0.0150900000,0.0014800000,0.9861977333,0.0013443161,0.9991826382,0.9870044730,0.0013454158,0.9876743539,0.9884823015,-0.0014778285
2455153.9616596000,0.0027870919,0.0165100000,0.0014800000,0.9849087596,0.0013425590,0.9991600169,0.9857367619,0.0013436877,0.9876604550,0.9884907705,-0.0027540087
2455153.9622034999,0.0029844001,0.0152300000,0.0014800000,0.9860705765,0.0013441428,0.9991373955,0.9869218997,0.0013453032,0.9876472187,0.9884999032,-0.0015780034
2455153.9627474998,0.0031817447,0.0135400000,0.0014800000,0.9876066373,0.0013462366,0.9991147700,0.9884816710,0.0013474294,0.9876346522,0.9885097107,-0.0000280397
2455153.9632914001,0.0033790531,0.0135400000,0.0014800000,0.9876066373,0.0013462366,0.9990921486,0.9885040521,0.0013474599,0.9876227704,0.9885201999,-0.0000161477
2455153.9638352999,0.0035763613,0.0142400000,0.0014800000,0.9869701090,0.0013453689,0.9990695272,0.9878893131,0.0013466219,0.9876115819,0.9885313835,-0.0006420704
2455153.9643907999,0.0037778776,0.0132400000,0.0014800000,0.9878795608,0.0013466086,0.9990464234,0.9888224788,0.0013478940,0.9876008831,0.9885435351,0.0002789438
2455153.9649347998,0.0039752222,0.0116900000,0.0014800000,0.9892908676,0.0013485324,0.9990237979,0.9902575591,0.0013498502,0.9875911321,0.9885561628,0.0017013964
2455153.9654903002,0.0041767387,0.0133100000,0.0014800000,0.9878158719,0.0013465218,0.9990006940,0.9888039897,0.0013478688,0.9875819315,0.9885698153,0.0002341744
2455153.9660342000,0.0043740469,0.0125800000,0.0014800000,0.9884802581,0.0013474275,0.9989780727,0.9894914464,0.0013488058,0.9875736792,0.9885839401,0.0009075063
2455153.9665782000,0.0045713914,0.0139600000,0.0014800000,0.9872246711,0.0013457159,0.9989554471,0.9882569577,0.0013471231,0.9875661900,0.9885988338,-0.0003418761
2455153.9671220998,0.0047686996,0.0143500000,0.0014800000,0.9868701204,0.0013452326,0.9989328258,0.9879244079,0.0013466698,0.9875594846,0.9886145085,-0.0006901006
2455153.9676660001,0.0049660080,0.0131800000,0.0014800000,0.9879341546,0.0013466831,0.9989102044,0.9890119755,0.0013481523,0.9875535804,0.9886309861,0.0003809894
2455153.9682215001,0.0051675244,0.0126300000,0.0014800000,0.9884347379,0.0013473654,0.9988871006,0.9895359920,0.0013488666,0.9875483986,0.9886486651,0.0008873268
2455153.9687655000,0.0053648689,0.0130300000,0.0014800000,0.9880706522,0.0013468691,0.9988644750,0.9891939065,0.0013484003,0.9875441774,0.9886668333,0.0005270732
2455153.9693093998,0.0055621771,0.0135400000,0.0014800000,0.9876066373,0.0013462366,0.9988418537,0.9887517565,0.0013477976,0.9875408253,0.9886858682,0.0000658883
2455153.9698649002,0.0057636936,0.0125100000,0.0014800000,0.9885439898,0.0013475143,0.9988187498,0.9897130885,0.0013491080,0.9875383247,0.9887062341,0.0010068545
2455153.9704089002,0.0059610382,0.0111600000,0.0014800000,0.9897739059,0.0013491909,0.9987961243,0.9909669068,0.0013508171,0.9875368082,0.9887271127,0.0022397941
2455153.9709528000,0.0061583464,0.0110800000,0.0014800000,0.9898468378,0.0013492903,0.9987735029,0.9910623729,0.0013509472,0.9875362448,0.9887489425,0.0023134304
2455153.9720522002,0.0065571711,0.0153600000,0.0014800000,0.9859525169,0.0013439818,0.9987277777,0.9872084655,0.0013456938,0.9875381529,0.9887961214,-0.0015876559
2455153.9725962002,0.0067545156,0.0115700000,0.0014800000,0.9894002141,0.0013486815,0.9987051522,0.9906829978,0.0013504301,0.9875406806,0.9888210533,0.0018619445
2455153.9731401000,0.0069518238,0.0133700000,0.0014800000,0.9877612847,0.0013464474,0.9986825308,0.9890643465,0.0013482237,0.9875443118,0.9888470873,0.0002172592
2455153.9736839999,0.0071491321,0.0120100000,0.0014800000,0.9889993360,0.0013481350,0.9986599095,0.9903264631,0.0013499441,0.9875490939,0.9888742749,0.0014521882
2455153.9742279998,0.0073464766,0.0120200000,0.0014800000,0.9889902270,0.0013481226,0.9986372840,0.9903397789,0.0013499622,0.9875550797,0.9889026733,0.0014371056
2455153.9747719001,0.0075437850,0.0116700000,0.0014800000,0.9893090912,0.0013485573,0.9986146626,0.9906815193,0.0013504281,0.9875623245,0.9889323294,0.0017491899
2455153.9753274000,0.0077453013,0.0122200000,0.0014800000,0.9888080650,0.0013478743,0.9985915587,0.9902027074,0.0013497754,0.9875710905,0.9889639882,0.0012387191
2455153.9758828999,0.0079468177,0.0127400000,0.0014800000,0.9883346010,0.0013472289,0.9985684549,0.9897514748,0.0013491603,0.9875813138,0.9889971077,0.0007543671
2455153.9764268999,0.0081441622,0.0122700000,0.0014800000,0.9887625298,0.0013478122,0.9985458294,0.9902024531,0.0013497750,0.9875928209,0.9890310407,0.0011714124
2455153.9769708002,0.0083414706,0.0142500000,0.0014800000,0.9869610187,0.0013453565,0.9985232080,0.9884207105,0.0013473463,0.9876058989,0.9890665444,-0.0006458339
2455153.9775148001,0.0085388151,0.0151600000,0.0014800000,0.9861341528,0.0013442294,0.9985005825,0.9876150001,0.0013462480,0.9876206603,0.9891037397,-0.0014887397
2455153.9780587000,0.0087361233,0.0128000000,0.0014800000,0.9882799851,0.0013471545,0.9984779611,0.9897864786,0.0013492080,0.9876372260,0.9891427397,0.0006437389
2455153.9786025998,0.0089334315,0.0129700000,0.0014800000,0.9881252565,0.0013469436,0.9984553398,0.9896539356,0.0013490273,0.9876557504,0.9891837031,0.0004702325
2455153.9791465998,0.0091307761,0.0113600000,0.0014800000,0.9895915996,0.0013489424,0.9984327142,0.9911450070,0.0013510599,0.9876764245,0.9892268257,0.0019181814
2455153.9797021002,0.0093322926,0.0126800000,0.0014800000,0.9883892199,0.0013473034,0.9984096104,0.9899636478,0.0013494495,0.9877000018,0.9892733319,0.0006903159
2455153.9802576001,0.0095338089,0.0133400000,0.0014800000,0.9877885780,0.0013464846,0.9983865066,0.9893849441,0.0013486607,0.9877264255,0.9893226911,0.0000622529
2455153.9808014999,0.0097311171,0.0120000000,0.0014800000,0.9890084450,0.0013481475,0.9983638852,0.9906292282,0.0013503568,0.9877556670,0.9893743971,0.0012548310
2455153.9813454999,0.0099284617,0.0124700000,0.0014800000,0.9885804098,0.0013475640,0.9983412597,0.9902229325,0.0013498030,0.9878011608,0.9894423888,0.0007805437
2455153.9818894002,0.0101257701,0.0134800000,0.0014800000,0.9876612160,0.0013463110,0.9983186383,0.9893246286,0.0013485785,0.9878766435,0.9895404189,-0.0002157903
2455153.9824333000,0.0103230783,0.0109800000,0.0014800000,0.9899380102,0.0013494146,0.9982960169,0.9916277271,0.0013517179,0.9879715701,0.9896579305,0.0019697967
2455153.9829773000,0.0105204228,0.0143500000,0.0014800000,0.9868701204,0.0013452326,0.9982733914,0.9885770060,0.0013475593,0.9880818730,0.9897908545,-0.0012138484
2455153.9835327999,0.0107219392,0.0109500000,0.0014800000,0.9899653636,0.0013494519,0.9982502876,0.9917005544,0.0013518171,0.9882082353,0.9899403462,0.0017602082
2455153.9840767002,0.0109192475,0.0103700000,0.0014800000,0.9904943441,0.0013501729,0.9982276662,0.9922529476,0.0013525701,0.9883440315,0.9900988171,0.0021541305
2455153.9846322001,0.0111207639,0.0126500000,0.0014800000,0.9884165304,0.0013473406,0.9982045624,0.9901943627,0.0013497640,0.9884940079,0.9902719795,-0.0000776169
2455153.9851762000,0.0113181084,0.0119900000,0.0014800000,0.9890175542,0.0013481599,0.9981819368,0.9908189256,0.0013506154,0.9886511132,0.9904518172,0.0003671084
2455153.9857200999,0.0115154166,0.0149600000,0.0014800000,0.9863158222,0.0013444771,0.9981593155,0.9881346664,0.0013469564,0.9888176259,0.9906410836,-0.0025064173
2455153.9862640002,0.0117127250,0.0109800000,0.0014800000,0.9899380102,0.0013494146,0.9981366941,0.9917860110,0.0013519336,0.9889929708,0.9908392074,0.0009468036
2455153.9868080001,0.0119100696,0.0104900000,0.0014800000,0.9903848767,0.0013500237,0.9981140686,0.9922562039,0.0013525746,0.9891766320,0.9910456762,0.0012105277
2455153.9873635001,0.0121115859,0.0112200000,0.0014800000,0.9897192104,0.0013491163,0.9980909647,0.9916122332,0.0013516968,0.9893721915,0.9912645504,0.0003476827
2455153.9879073999,0.0123088941,0.0117600000,0.0014800000,0.9892270877,0.0013484455,0.9980683434,0.9911416330,0.0013510553,0.9895710180,0.9914862290,-0.0003445960
2455153.9884513002,0.0125062025,0.0098300000,0.0014800000,0.9909870973,0.0013508446,0.9980457220,0.9929275538,0.0013534897,0.9897766440,0.9917147303,0.0012128235
2455153.9889953001,0.0127035470,0.0109300000,0.0014800000,0.9899835996,0.0013494767,0.9980230965,0.9919445784,0.0013521498,0.9899886492,0.9919496379,-0.0000050596
2455153.9895392000,0.0129008552,0.0161700000,0.0014800000,0.9852172336,0.0013429795,0.9980004751,0.9871911469,0.0013456702,0.9902065029,0.9921904123,-0.0049992654
2455153.9900831999,0.0130981998,0.0106400000,0.0014800000,0.9902480594,0.0013498372,0.9979778496,0.9922545474,0.0013525723,0.9904298358,0.9924366921,-0.0001821447
2455153.9906386998,0.0132997161,0.0076000000,0.0014800000,0.9930245833,0.0013536220,0.9979547458,0.9950597334,0.0013563961,0.9906630368,0.9926933471,0.0023663864
2455153.9911941998,0.0135012324,0.0117000000,0.0014800000,0.9892817559,0.0013485200,0.9979316419,0.9913321858,0.0013513150,0.9909009619,0.9929547479,-0.0016225620
2455153.9917381001,0.0136985408,0.0113200000,0.0014800000,0.9896280581,0.0013489921,0.9979090205,0.9917016860,0.0013518187,0.9911380309,0.9932148227,-0.0015131367
2455153.9922821000,0.0138958854,0.0086900000,0.0014800000,0.9920281592,0.0013522637,0.9978863950,0.9941293560,0.0013551279,0.9913787507,0.9934785720,0.0006507840
2455153.9928259999,0.0140931936,0.0130400000,0.0014800000,0.9880615517,0.0013468567,0.9978637737,0.9901767935,0.0013497401,0.9916225676,0.9937454328,-0.0035686393
2455153.9933814998,0.0142947099,0.0082400000,0.0014800000,0.9924394057,0.0013528243,0.9978406698,0.9945870475,0.0013557518,0.9918743349,0.9940207539,0.0005662937
2455153.9939254001,0.0144920183,0.0081600000,0.0014800000,0.9925125340,0.0013529240,0.9978180484,0.9946828839,0.0013558825,0.9921230471,0.9942925453,0.0003903386
2455153.9944694000,0.0146893628,0.0106900000,0.0014800000,0.9902024579,0.0013497750,0.9977954229,0.9923902587,0.0013527573,0.9923734888,0.9945660864,-0.0021758277
2455153.9950132999,0.0148866711,0.0128300000,0.0014800000,0.9882526783,0.0013471172,0.9977728016,0.9904586262,0.0013501242,0.9926250643,0.9948407721,-0.0043821459
2455153.9955687998,0.0150881874,0.0093500000,0.0014800000,0.9914253060,0.0013514419,0.9977496977,0.9936613443,0.0013544900,0.9928826869,0.9951220122,-0.0014606679
2455153.9961127001,0.0152854958,0.0072900000,0.0014800000,0.9933081527,0.0013540085,0.9977270764,0.9955710096,0.0013570931,0.9931350581,0.9953975207,0.0001734889
2455153.9966567000,0.0154828403,0.0081700000,0.0014800000,0.9925033927,0.0013529115,0.9977044508,0.9947869751,0.0013560243,0.9933870536,0.9956726692,-0.0008856941
2455153.9972005999,0.0156801485,0.0093400000,0.0014800000,0.9914344374,0.0013514544,0.9976818295,0.9937380917,0.0013545946,0.9936380191,0.9959467936,-0.0022087019
2455153.9977445998,0.0158774931,0.0053900000,0.0014800000,0.9950479287,0.0013563801,0.9976592039,0.9973825979,0.0013595625,0.9938874668,0.9962194133,0.0011631846
2455153.9983001002,0.0160790096,0.0092700000,0.0014800000,0.9914983596,0.0013515415,0.9976361001,0.9938477161,0.0013547440,0.9941399495,0.9964955653,-0.0026478492
2455153.9988440000,0.0162763178,0.0062700000,0.0014800000,0.9942417592,0.0013552811,0.9976134787,0.9966202145,0.0013585233,0.9943843334,0.9967631298,-0.0001429153
2455153.9993995000,0.0164778341,0.0103400000,0.0014800000,0.9905217129,0.0013502102,0.9975903749,0.9929142640,0.0013534716,0.9946303631,0.9970328384,-0.0041185744
2455153.9999433998,0.0166751423,0.0075500000,0.0014800000,0.9930703148,0.0013536843,0.9975677535,0.9954915957,0.0013569848,0.9948670723,0.9972927341,-0.0018011384
2455154.0004874002,0.0168724871,0.0069800000,0.0014800000,0.9935918031,0.0013543952,0.9975451280,0.9960369463,0.0013577282,0.9950989680,0.9975478202,-0.0015108739
2455154.0010313001,0.0170697953,0.0046300000,0.0014800000,0.9957446920,0.0013573298,0.9975225066,0.9982177699,0.0013607010,0.9953252133,0.9977972494,0.0004205205
2455154.0015868000,0.0172713116,0.0061700000,0.0014800000,0.9943333364,0.0013554060,0.9974994028,0.9968259967,0.0013588038,0.9955496688,0.9980453782,-0.0012193815
2455154.0021307999,0.0174686561,0.0065500000,0.0014800000,0.9939853877,0.0013549317,0.9974767773,0.9964997786,0.0013583591,0.9957621337,0.9982810190,-0.0017812405
2455154.0026747002,0.0176659645,0.0042100000,0.0014800000,0.9961299547,0.0013578550,0.9974541559,0.9986724190,0.0013613207,0.9959663740,0.9985084208,0.0001639982
2455154.0032186001,0.0178632727,0.0018700000,0.0014800000,0.9982791487,0.0013607846,0.9974315345,1.0008497969,0.0013642888,0.9961614362,0.9987266310,0.0021231658
2455154.0037742001,0.0180648254,0.0028900000,0.0014800000,0.9973417511,0.0013595068,0.9974084265,0.9999331513,0.0013630393,0.9963500821,0.9989389057,0.0009942456
2455154.0043180999,0.0182621336,0.0046400000,0.0014800000,0.9957355209,0.0013573173,0.9973858052,0.9983453902,0.0013608749,0.9965231238,0.9991350575,-0.0007896673
2455154.0048619998,0.0184594418,0.0015100000,0.0014800000,0.9986102053,0.0013612359,0.9973631838,1.0012503183,0.0013648347,0.9966832557,0.9993182743,0.0019320440
2455154.0054060002,0.0186567865,0.0049000000,0.0014800000,0.9954971018,0.0013569923,0.9973405583,0.9981516279,0.0013606108,0.9968288715,0.9994869488,-0.0013353209
2455154.0059499000,0.0188540948,0.0049200000,0.0014800000,0.9954787642,0.0013569673,0.9973179369,0.9981558813,0.0013606166,0.9969579315,0.9996390264,-0.0014831451
2455154.0065053999,0.0190556111,0.0043100000,0.0014800000,0.9960382120,0.0013577299,0.9972948331,0.9987399703,0.0013614128,0.9970700200,0.9997745771,-0.0010346068
2455154.0070492998,0.0192529193,0.0039900000,0.0014800000,0.9963318185,0.0013581302,0.9972722117,0.9990570345,0.0013618450,0.9971567493,0.9998842218,-0.0008271872
2455154.0075933002,0.0194502640,0.0039700000,0.0014800000,0.9963501717,0.0013581552,0.9972495862,0.9990981050,0.0013619010,0.9972143418,0.9999646585,-0.0008665535
2455154.0081372000,0.0196475722,0.0059700000,0.0014800000,0.9945165163,0.0013556557,0.9972269648,0.9972820144,0.0013594254,0.9972257878,0.9999988197,-0.0027168053
2455154.0086927000,0.0198490886,0.0026800000,0.0014800000,0.9975346727,0.0013597698,0.9972038610,1.0003317393,0.0013635826,0.9972038610,1.0000000000,0.0003317393
2455154.0092366999,0.0200464331,-0.0004100000,0.0014800000,1.0003776953,0.0013636452,0.9971812355,1.0032054953,0.0013674999,0.9971812355,1.0000000000,0.0032054953
2455154.0097806002,0.0202437415,-0.0010200000,0.0014800000,1.0009398961,0.0013644116,0.9971586141,1.0037920568,0.0013682994,0.9971586141,1.0000000000,0.0037920568
2455154.0103361001,0.0204452578,0.0035500000,0.0014800000,0.9967356687,0.0013586807,0.9971355102,0.9995990098,0.0013625838,0.9971355102,1.0000000000,-0.0004009902
2455154.0108800000,0.0206425660,0.0017400000,0.0014800000,0.9983986843,0.0013609476,0.9971128889,1.0012895183,0.0013648882,0.9971128889,1.0000000000,0.0012895183
2455154.0114239999,0.0208399106,0.0045300000,0.0014800000,0.9958364077,0.0013574549,0.9970902634,0.9987424853,0.0013614162,0.9970902634,1.0000000000,-0.0012575147
2455154.0119679002,0.0210372190,0.0022100000,0.0014800000,0.9979665850,0.0013603586,0.9970676420,1.0009015868,0.0013643594,0.9970676420,1.0000000000,0.0009015868
2455154.0125119002,0.0212345635,0.0059500000,0.0014800000,0.9945348361,0.0013556806,0.9970450164,0.9974823801,0.0013596985,0.9970450164,1.0000000000,-0.0025176199
2455154.0130558000,0.0214318717,0.0037100000,0.0014800000,0.9965887951,0.0013584805,0.9970223951,0.9995651051,0.0013625376,0.9970223951,1.0000000000,-0.0004348949
2455154.0135996998,0.0216291799,0.0030100000,0.0014800000,0.9972315269,0.0013593566,0.9969997737,1.0002324505,0.0013634472,0.9969997737,1.0000000000,0.0002324505
2455154.0141667998,0.0218349044,0.0029700000,0.0014800000,0.9972682669,0.0013594067,0.9969761874,1.0002929653,0.0013635297,0.9969761874,1.0000000000,0.0002929653
2455154.0147107001,0.0220322128,-0.0000300000,0.0014800000,1.0000276314,0.0013631680,0.9969535661,1.0030834589,0.0013673335,0.9969535661,1.0000000000,0.0030834589
2455154.0152547001,0.0222295573,0.0010600000,0.0014800000,0.9990241803,0.0013618002,0.9969309405,1.0020996839,0.0013659925,0.9969309405,1.0000000000,0.0020996839
2455154.0157985999,0.0224268655,0.0028200000,0.0014800000,0.9974060541,0.0013595945,0.9969083192,1.0004992786,0.0013638110,0.9969083192,1.0000000000,0.0004992786
2455154.0163425999,0.0226242101,0.0010400000,0.0014800000,0.9990425832,0.0013618253,0.9968856936,1.0021636278,0.0013660797,0.9968856936,1.0000000000,0.0021636278
2455154.0168865002,0.0228215185,0.0018400000,0.0014800000,0.9983067326,0.0013608222,0.9968630723,1.0014482032,0.0013651045,0.9968630723,1.0000000000,0.0014482032
2455154.0174304000,0.0230188267,0.0001400000,0.0014800000,0.9998710635,0.0013629546,0.9968404509,1.0030402184,0.0013672746,0.9968404509,1.0000000000,0.0030402184
